district,property_count,average_rent
Ampang Jaya,417,1889.9328537170263
Gombak,89,6285.033707865168
Hulu Langat,2341,1812.80649295173
Hulu Selangor,141,822.0780141843971
Klang,1473,1538.1235573659199
Kuala Langat,94,2596.9893617021276
Kuala Lumpur,3594,2016.2665553700613
Kuala Selangor,3,733.3333333333334
Petaling,761,1732.880420499343
Sepang,1239,1334.043583535109
Shah Alam,1014,1476.4940828402366
Subang Jaya,760,2246.128947368421
